<?xml version="1.0" encoding="UTF-8"?>
<!-- Generated by eXe - http://exelearning.net -->
<manifest identifier="eXea_Modulo_35d5bab1427f20677fa1a" xmlns="http://www.imsproject.org/xsd/imscp_rootv1p1p2" xmlns:adlcp="http://www.adlnet.org/xsd/adlcp_rootv1p2" xmlns:imsmd="http://www.imsglobal.org/xsd/imsmd_v1p2" xmlns:xsi="http://www.w3.org/2001/XMLSchema-instance" xsi:schemaLocation="http://www.imsproject.org/xsd/imscp_rootv1p1p2 imscp_rootv1p1p2.xsd http://www.imsglobal.org/xsd/imsmd_rootv1p2p1 imsmd_rootv1p2p1.xsd http://www.adlnet.org/xsd/adlcp_rootv1p2 adlcp_rootv1p2.xsd" > 
<metadata> 
 <schema>ADL SCORM</schema> 
 <schemaversion>1.2</schemaversion> 
 <adlcp:location>imslrm.xml</adlcp:location> 
</metadata> 
<organizations default="eXea_Modulo_35d5bab1427f20677fa1b">  
    <organization identifier="eXea_Modulo_35d5bab1427f20677fa1b" structure="hierarchical">
        <title>Tarea Unidad.1 FOL 2324</title>
<item identifier="ITEM-eXea_Modulo_35d5bab1427f20677fa1c" isvisible="true" identifierref="RES-eXea_Modulo_35d5bab1427f20677fa1d">
    <title>Tarea Online Ud.1 La empresa y su importancia social</title>
<item identifier="ITEM-eXea_Modulo_35d5bab1427f20677fb1e" isvisible="true" identifierref="RES-eXea_Modulo_35d5bab1427f20677fb1f">
    <title>1. Descripción de la tarea</title>
</item>
<item identifier="ITEM-eXea_Modulo_35d5bab1427f206780020" isvisible="true" identifierref="RES-eXea_Modulo_35d5bab1427f206780021">
    <title>2. Información de interés y Repaso</title>
</item>
<item identifier="ITEM-eXea_Modulo_35d5bab1427f206780322" isvisible="true" identifierref="RES-eXea_Modulo_35d5bab1427f206780323">
    <title>3.Evaluación de la tarea</title>
</item>
<item identifier="ITEM-eXea_Modulo_35d5bab1427f206780624" isvisible="true" identifierref="RES-eXea_Modulo_35d5bab1427f206780625">
    <title>4.Créditos de Autoría</title>
</item>
</item>
  </organization>
</organizations>
<resources>
  <resource identifier="RES-eXea_Modulo_35d5bab1427f20677fa1d" type="webcontent" adlcp:scormtype="sco" href="index.html"> 
    <file href="index.html"/> 
    <file href="exe_html5.js"/>
    <dependency identifierref="COMMON_FILES"/>
  </resource>
  <resource identifier="RES-eXea_Modulo_35d5bab1427f20677fb1f" type="webcontent" adlcp:scormtype="sco" href="1_descripcin_de_la_tarea.html"> 
    <file href="1_descripcin_de_la_tarea.html"/> 
    <file href="exe_html5.js"/>
    <file href="330px-Conti_Werk_Hannover.jpg"/>
    <file href="PLAN_DE_EMPRESA_MODELO.docx"/>
    <file href="LEAN-CANVAS.xls"/>
    <file href="IDEACION-DE-UN-MODELO-DE-NEGOCIO.xls"/>
    <file href="img0.png"/>
    <file href="angry-g17cbb69fe_1280.jpg"/>
    <file href="exe_media.css"/>
    <file href="exe_media.js"/>
    <file href="exe_media_background.png"/>
    <file href="exe_media_bigplay.png"/>
    <file href="exe_media_bigplay.svg"/>
    <file href="exe_media_controls.png"/>
    <file href="exe_media_controls.svg"/>
    <file href="exe_media_flashPlayer.swf"/>
    <file href="exe_media_loading.gif"/>
    <file href="exe_media_silverlightPlayer.xap"/>
    <dependency identifierref="COMMON_FILES"/>
  </resource>
  <resource identifier="RES-eXea_Modulo_35d5bab1427f206780021" type="webcontent" adlcp:scormtype="sco" href="2_informacin_de_inters_y_repaso.html"> 
    <file href="2_informacin_de_inters_y_repaso.html"/> 
    <file href="exe_html5.js"/>
    <file href="stock-stop.png"/>
    <file href="panel-amusements.png"/>
    <file href="common.js"/>
    <dependency identifierref="COMMON_FILES"/>
  </resource>
  <resource identifier="RES-eXea_Modulo_35d5bab1427f206780323" type="webcontent" adlcp:scormtype="sco" href="3evaluacin_de_la_tarea.html"> 
    <file href="3evaluacin_de_la_tarea.html"/> 
    <file href="exe_html5.js"/>
    <file href="udl-character-1.gif"/>
    <file href="udl-character-2.gif"/>
    <file href="udl-character-3.gif"/>
    <file href="udl-character-4.gif"/>
    <file href="udl-content.css"/>
    <file href="udl-content.js"/>
    <file href="udl-icons-sm.png"/>
    <file href="udl-icons.png"/>
    <dependency identifierref="COMMON_FILES"/>
  </resource>
  <resource identifier="RES-eXea_Modulo_35d5bab1427f206780625" type="webcontent" adlcp:scormtype="sco" href="4crditos_de_autora.html"> 
    <file href="4crditos_de_autora.html"/> 
    <file href="exe_html5.js"/>
    <dependency identifierref="COMMON_FILES"/>
  </resource>
  <resource identifier="COMMON_FILES" type="webcontent" adlcp:scormtype="asset">
    <file href="active_bg.gif"/>
    <file href="audio.png"/>
    <file href="binario.png"/>
    <file href="bullet.png"/>
    <file href="cc-by-nc-nd.png"/>
    <file href="cc-by-nc-sa.png"/>
    <file href="cc-by-nc.png"/>
    <file href="cc-by-nd.png"/>
    <file href="cc-by-sa.png"/>
    <file href="cc-by.png"/>
    <file href="cc0.png"/>
    <file href="config.xml"/>
    <file href="content.css"/>
    <file href="dibujo.png"/>
    <file href="documento.png"/>
    <file href="glosario.png"/>
    <file href="hcalculo.png"/>
    <file href="html.png"/>
    <file href="icono-menu.png"/>
    <file href="icon_activity.png"/>
    <file href="icon_autoevaluacionfpd.gif"/>
    <file href="icon_casestudy.png"/>
    <file href="icon_casopracticofpd.png"/>
    <file href="icon_citasparapensarfpd.png"/>
    <file href="icon_debesconocerfpd.png"/>
    <file href="icon_ejercicioresueltofpd.png"/>
    <file href="icon_gallery.gif"/>
    <file href="icon_gallery.png"/>
    <file href="icon_objectives.png"/>
    <file href="icon_orientacionesfpd.png"/>
    <file href="icon_parasabermasfpd.png"/>
    <file href="icon_preknowledge.png"/>
    <file href="icon_question.gif"/>
    <file href="icon_reading.png"/>
    <file href="icon_recomendacionfpd.png"/>
    <file href="icon_reflection.png"/>
    <file href="icon_reflexionfpd.png"/>
    <file href="imagen.png"/>
    <file href="lupa.png"/>
    <file href="nav.css"/>
    <file href="nivel1.png"/>
    <file href="nivel2.png"/>
    <file href="nivel3.png"/>
    <file href="nivel4.png"/>
    <file href="nivel5.png"/>
    <file href="nivel6.png"/>
    <file href="panel-amusements.png"/>
    <file href="paquete.png"/>
    <file href="pdf.png"/>
    <file href="popup_bg.gif"/>
    <file href="postit.png"/>
    <file href="presentacion.png"/>
    <file href="pre_code_bg.gif"/>
    <file href="stock-stop.png"/>
    <file href="video.png"/>
    <file href="_fpd_js.js"/>
    <file href="base.css"/>
    <file href="popup_bg.gif"/>
    <file href="SCORM_API_wrapper.js"/>
    <file href="SCOFunctions.js"/>
    <file href="common.js"/>
    <file href="common_i18n.js"/>
    <file href="exe_jquery.js"/>
  </resource>
</resources>
</manifest>
